,single_x,single_y,totem_x,totem_y,diff_x,diff_x [strip],diff_y,diff_y [strip],diff_total,diff_total [strip]
0,-0.15195859841497555,10.994715073353376,-0.21340907685708643,10.993195719583271,0.06145047844211088,2.0,0.0015193537701048143,1.0,0.06146925846830321,2.0
1,0.21449639543644922,8.927601377335137,0.28757964636671574,8.920891462012714,0.07308325093026652,2.0,0.0067099153224230434,1.0,0.07339062971640446,2.0
2,0.03984260344601969,9.211652058234655,0.061074690117927766,9.214338018926593,0.021232086671908075,1.0,0.0026859606919380496,1.0,0.02140130578450887,1.0
3,-0.0060816176970202255,11.504577162114924,-0.0010171991609277953,11.493387017563563,0.00506441853609243,1.0,0.011190144551360248,1.0,0.012282820123613878,1.0
4,-0.059697310756669154,6.397217882012923,-0.06426954696282028,6.420330660837141,0.004572236206151124,1.0,0.023112778824218694,1.0,0.023560685238381573,1.0
5,-0.03202450445672022,7.27394463604155,0.0016573849179271072,7.274130078926591,0.03368188937464733,1.0,0.00018544288504074302,1.0,0.033682399868619706,1.0
6,0.14822680488383114,14.237805797057144,0.17963031164291365,14.252932856503271,0.03140350675908252,1.0,0.015127059446127689,1.0,0.034856967226860436,1.0
7,0.06261072157910715,6.240880585745436,0.05094568331792937,6.244356314126595,0.011665038261177776,1.0,0.003475728381158838,1.0,0.01217184478270794,1.0
8,0.07270299039324545,6.428098522869221,0.12140823862309791,6.447144475147688,0.04870524822985246,2.0,0.01904595227846695,1.0,0.05229674467235209,2.0
9,0.6659486268405174,6.847227120812362,0.7680672914512625,6.865246856926593,0.10211866461074515,3.0,0.01801973611423069,1.0,0.10369634782145591,3.0
10,-0.5258376098334436,5.83113755891212,-0.5535865175207886,5.834219720581051,0.027748907687344948,1.0,0.0030821616689307163,1.0,0.027919555841635756,1.0
11,0.2348868533216182,6.687033797616924,0.2485242019360654,6.695634079098828,0.013637348614447181,1.0,0.008600281481903949,1.0,0.016122720576873632,1.0
12,-0.11075769833401113,10.26896891125182,-0.1333227130820731,10.271006915726593,0.02256501474806198,1.0,0.002038004474773203,1.0,0.02265686105398209,1.0
13,-0.19021104516862275,8.064476393055852,-0.2363504981457747,8.075958193364373,0.04613945297715194,1.0,0.011481800308521528,1.0,0.04754661774885339,2.0
14,-0.1825105849713545,10.95085423835664,-0.20280376734577477,10.945539467924373,0.020293182374420266,1.0,0.005314770432267579,1.0,0.02097760795775312,1.0
15,0.015902853037463024,6.9355296922588945,0.0024257791705144527,6.94663936903714,0.013477073866948571,1.0,0.011109676778245259,1.0,0.017465864940857355,1.0
16,0.012385313013252101,8.36190383869019,-0.0375236968570869,8.378981444383271,0.049909009870339,2.0,0.01707760569308192,1.0,0.05274991831696026,2.0
17,0.046958003007609835,7.096921452402528,0.09240882087624769,7.12746471198327,0.045450817868637854,1.0,0.030543259580742443,1.0,0.05476009085771046,2.0
18,0.26100818324932273,9.94640847654502,0.2964091931272943,9.963908423618177,0.03540100987797157,1.0,0.01749994707315672,1.0,0.039490247504206995,1.0
19,0.04577643508612142,8.298010637511316,0.04702354825126065,8.319714385726593,0.0012471131651392298,1.0,0.021703748215276875,1.0,0.02173954870365983,1.0
20,0.3277938118820631,6.811143389979823,0.35794437352734887,6.821991710394928,0.03015056164528579,1.0,0.010848320415105306,1.0,0.03204282171337239,1.0
21,0.014781478951473088,10.756880391077686,0.03862456870421305,10.763178261717716,0.02384308975273996,1.0,0.0062978706400294016,1.0,0.02466082122630464,1.0
22,0.16942268617160394,9.697514245428902,0.2419651381395873,9.734521159119842,0.07254245196798337,2.0,0.03700691369093967,1.0,0.0814365949586292,2.0
23,0.2737629677946756,9.708349414176325,0.3467437443012491,9.747563152319936,0.07298077650657347,2.0,0.0392137381436104,1.0,0.08284872357917213,2.0
24,0.0371353778581689,6.752390939389319,0.09967869425422515,6.7468846823243735,0.06254331639605626,2.0,0.005506257064945785,1.0,0.06278523148545735,2.0
25,-0.07252758821580199,6.329196633406247,-0.15572740335707058,6.317753369543259,0.08319981514126859,2.0,0.011443263862988218,1.0,0.08398307881579026,2.0
26,-0.28387118527528826,9.778956236565296,-0.33559348868355343,9.784214962227704,0.05172230340826517,2.0,0.005258725662407926,1.0,0.05198894945514005,2.0
27,-0.11394666888665675,14.209466002927794,-0.11760737974874225,14.233908332926596,0.003660710862085498,1.0,0.024442329998802137,1.0,0.02471494082101217,1.0
28,-0.05051178413089873,8.841219591834527,-0.05979630070083353,8.835311380589314,0.009284516569934793,1.0,0.005908211245213124,1.0,0.011004962882965874,1.0
29,0.19682723673763972,7.954758182530632,0.2537790584762467,7.998119023983271,0.056951821738606995,2.0,0.043360841452638965,1.0,0.07157983354847203,2.0
30,-0.4098513246670803,12.007666329354919,-0.4621634964727033,12.025707292418176,0.052312171805622976,2.0,0.018040963063256754,1.0,0.05533569975405398,2.0
31,0.2558126610252843,9.066305991966459,0.3367150676762476,9.093442114383272,0.08090240665096327,2.0,0.02713612241681318,1.0,0.08533210733210622,2.0
32,0.1345901591318578,8.853954326244839,0.1819597397397903,8.892388793026516,0.047369580607932504,2.0,0.038434466781676946,1.0,0.06100070002682956,2.0
33,0.06916005508959235,7.241543796535525,0.12708164670124855,7.266698867519937,0.057921591611656206,2.0,0.025155070984411942,1.0,0.06314814622028335,2.0
34,0.13912661870800527,9.120368448858773,0.11769183066505917,9.131927052287878,0.0214347880429461,1.0,0.011558603429104863,1.0,0.02435264773443208,1.0
35,-0.0894958492005641,9.862326714102874,-0.12156336108207189,9.848564490926595,0.03206751188150779,1.0,0.013762223176279065,1.0,0.03489590384306381,1.0
36,0.07550973528699555,8.253155534261277,0.11854404491792847,8.261096766446592,0.043034309630932924,1.0,0.007941232185315172,1.0,0.04376088406364857,1.0
37,0.048964125465734615,8.305237156357084,0.044813557317927355,8.316788574926592,0.00415056814780726,1.0,0.011551418569508698,1.0,0.012274464832227211,1.0
38,0.3775347052253017,11.472394433852472,0.40304613199439654,11.480813843128722,0.025511426769094847,1.0,0.008419409276250178,1.0,0.02686483479115211,1.0
39,0.39474102371759273,9.016057295850938,0.4398343447429145,9.010956577183272,0.045093321025321764,1.0,0.005100718667666371,1.0,0.04538088729872309,1.0
40,0.6399281232629311,9.347444717937046,0.7517535014230994,9.362210246347686,0.11182537816016824,3.0,0.014765528410640272,1.0,0.11279599296920993,3.0
41,3.5590896986096388,15.07351066864239,3.961749586917927,15.035464204526594,0.40265988830828814,9.0,0.03804646411579604,1.0,0.4044533583544061,9.0
42,-0.16277099348628857,7.628010518896207,-0.1512256225570705,7.637745238343259,0.011545370929218063,1.0,0.009734719447052065,1.0,0.015101667212796314,1.0
43,0.1329022367928382,14.27083366862885,0.1678723047860764,14.283347390225485,0.03497006799323821,1.0,0.012513721596635108,1.0,0.03714160583025181,1.0
44,0.2717894320347113,7.444576904934574,0.3058858369179287,7.457893324526594,0.03409640488321741,1.0,0.013316419592020345,1.0,0.03660453328087978,1.0
45,-0.1853631056714662,7.256551205652029,-0.20911649795191511,7.275788137404364,0.023753392280448926,1.0,0.019236931752335096,1.0,0.03056604632714033,1.0
46,-0.2452152919702572,6.292719500895648,-0.2791942425487397,6.332896279486595,0.03397895057848249,1.0,0.04017677859094704,1.0,0.05261884282612965,2.0
47,0.43687726660516396,14.16230665947965,0.5003988853179289,14.176066588526593,0.0635216187127649,2.0,0.013759929046942787,1.0,0.06499485896028073,2.0
48,-0.2820326667938889,6.709846744819554,-0.24724419937690056,6.725603517547686,0.03478846741698832,1.0,0.015756772728131807,1.0,0.038190487716561784,1.0
49,0.16152130176632182,7.602704527760802,0.21191069636375293,7.616183918214933,0.05038939459743111,2.0,0.013479390454130602,1.0,0.052161145069012115,2.0
50,0.17325690576166464,6.90642036414208,0.2342561603401574,6.940889698853001,0.060999254578492756,2.0,0.03446933471092084,1.0,0.07006457089389231,2.0
51,0.1977591785214546,7.586755142009606,0.21505852248326685,7.608135007335935,0.017299343961812236,1.0,0.021379865326329295,1.0,0.027502107971591326,1.0
52,-0.04156750431420563,9.825096650594379,-0.0777980749570677,9.815506687943257,0.036230570642862066,1.0,0.009589962651121553,1.0,0.037478282147896336,1.0
53,0.06326547766360453,7.16732350609543,0.025251772649778736,7.152063001547705,0.038013705013825796,1.0,0.015260504547724985,1.0,0.0409624800021837,1.0
54,-0.13716565703944492,7.218638093184918,-0.15848547135985314,7.2375443453463415,0.02131981432040822,1.0,0.01890625216142361,1.0,0.028495277739443395,1.0
55,0.32164093126547116,6.13739485800623,0.37230285988875567,6.171640561071598,0.0506619286232845,2.0,0.034245703065368005,1.0,0.06115062706360523,2.0
56,-0.00017582691115346067,7.538198623977596,-0.039116160425952895,7.553064139695513,0.03894033351479943,1.0,0.014865515717916722,1.0,0.04168132833540027,1.0
57,-0.024429865250192584,8.853310884601733,-0.024080391672702817,8.882595734018178,0.00034947357748976726,1.0,0.02928484941644527,1.0,0.029286934580546976,1.0
58,-0.2574642133448656,12.892597355899134,-0.31810744095706855,12.891943251143257,0.06064322761220298,2.0,0.0006541047558776825,1.0,0.060646755133783696,2.0
59,-0.15731514933941082,13.07037059602356,-0.12488674112375175,13.081438522383273,0.032428408215659066,1.0,0.011067926359713098,1.0,0.03426515217105356,1.0
60,-0.02167266761467018,7.147677434611607,-0.02716381490705988,7.130475938589915,0.005491147292389701,1.0,0.017201496021692186,1.0,0.018056693051913212,1.0
61,-0.26918162556202274,8.428964314911989,-0.31586798203206845,8.423802822559923,0.04668635647004571,2.0,0.005161492352065977,1.0,0.046970808847076655,2.0
62,0.12535056030846928,7.2248034539682235,0.16186040763691567,7.2672178108359375,0.03650984732844639,1.0,0.042414356867714,1.0,0.05596379740911317,2.0
63,-0.0421465301555288,12.275672224948323,-0.0430249189570695,12.270601510343258,0.0008783888015407026,1.0,0.005070714605064808,1.0,0.0051462329419381765,1.0
64,0.21193267207489586,6.661360982845489,0.2619400460871848,6.670202621270471,0.05000737401228894,2.0,0.008841638424982534,1.0,0.05078298953038388,2.0
65,0.21418650227445118,6.8500292794747715,0.2884037911146007,6.887235500063165,0.0742172888401495,2.0,0.03720622058839318,1.0,0.08302113473841677,2.0
66,-0.03376341509495151,7.790441041856992,-0.022986764282073135,7.789016961326595,0.010776650812878374,1.0,0.0014240805303966653,1.0,0.010870336153945148,1.0
67,-0.45546426775597926,10.873856389209319,-0.5245853638445768,10.8973924886716,0.06912109608859751,2.0,0.02353609946228019,1.0,0.07301831210311202,2.0
68,0.11378621321655143,8.730784299801309,0.162917019646601,8.753847916705475,0.049130806430049564,2.0,0.023063616904165585,1.0,0.05427491653765219,2.0
69,0.20831650759866363,8.348604584455423,0.22970249891792927,8.342558037326594,0.021385991319265635,1.0,0.006046547128828905,1.0,0.022224341540051398,1.0
70,0.17700488015247562,12.13898567300993,0.17249587787267107,12.150447223118196,0.004509002279804553,1.0,0.011461550108265328,1.0,0.012316583635227734,1.0
71,0.06324384665311097,8.642621139925671,0.06700485611792661,8.630874596846596,0.00376100946481564,1.0,0.011746543079075522,1.0,0.0123339558335114,1.0
72,0.059031333833125664,8.246176731950642,0.10126587022309863,8.282023226347686,0.04223453638997297,1.0,0.03584649439704357,1.0,0.05539609394743665,2.0
73,-0.07384956061764329,9.721111645381336,-0.1100618419729047,9.752286229831503,0.0362122813552614,1.0,0.03117458445016652,1.0,0.04778267506736283,2.0
74,0.3665879454551337,7.090886669926141,0.4247495783573747,7.124569491942184,0.05816163290224102,2.0,0.033682822016043446,1.0,0.06721092203518345,2.0
75,-0.10503790610737618,13.82689993274658,-0.10805801868206988,13.808540097326594,0.0030201125746937008,1.0,0.01835983541998587,1.0,0.018606575090886306,1.0
76,-0.020118574212089107,8.787289458968017,-0.024553761891940695,8.77246637558265,0.004435187679851588,1.0,0.014823083385365976,1.0,0.015472384780796404,1.0
77,-0.20072229956453078,6.969510584296454,-0.2370216358820718,6.958142512526593,0.03629933631754104,1.0,0.01136807176986121,1.0,0.038037808465507965,1.0
78,-0.35159086840348325,6.8184101681559826,-0.4090257802820747,6.839928592526594,0.057434911878591455,2.0,0.021518424370611022,1.0,0.06133360979018985,2.0
79,0.4661181529596408,7.498499328899327,0.5432975330512595,7.531297219486595,0.07717938009161868,2.0,0.03279789058726745,1.0,0.08385915774857813,2.0
80,-0.008010265381557056,8.970061439829895,-0.045380023082073784,8.963899778126594,0.03736975770051673,1.0,0.00616166170330068,1.0,0.037874329902207536,1.0
81,-0.10057166669249802,6.798108285565544,-0.14653333596440765,6.814956302956023,0.04596166927190963,1.0,0.016848017390479697,1.0,0.04895233122385805,2.0
82,-0.04582585698956915,7.395788199309936,-0.10057017487950048,7.437996723510483,0.05474431788993134,2.0,0.04220852420054655,1.0,0.06912669423907078,2.0
83,-0.8584052702447472,10.82785729615746,-0.8980902183237536,10.853263817583269,0.039684948079006355,1.0,0.02540652142580946,1.0,0.04712097659210328,2.0
84,0.11934412820344102,8.932653221605891,0.0997290817179266,8.937004646126594,0.019615046485514417,1.0,0.004351424520702807,1.0,0.020091912402463462,1.0
85,-0.22605338682803144,8.702629200299562,-0.2582902239268945,8.719035441181017,0.03223683709886305,1.0,0.016406240881455147,1.0,0.03617151373662655,1.0
86,-0.34547339419232764,9.085304824179598,-0.3463787629472579,9.091019809785484,0.0009053687549302469,1.0,0.005714985605886014,1.0,0.005786255529950978,1.0
87,0.1680816596904871,7.052421715497773,0.16885443609294226,7.065126938829916,0.0007727764024551553,1.0,0.012705223332143412,1.0,0.012728703126706698,1.0
88,0.024645669293381883,7.016324918808453,0.07340225637626352,7.059109171543257,0.048756587082881636,2.0,0.04278425273480391,1.0,0.06486676395540475,2.0
89,0.26943912262902675,7.6048676750474025,0.23071779548043203,7.59738299534159,0.03872132714859472,1.0,0.007484679705812347,1.0,0.039438073056972466,1.0
90,0.04189902406598591,6.502326737894226,0.03300381785422424,6.549111035924374,0.008895206211761673,1.0,0.04678429803014783,2.0,0.04762242366494441,2.0
91,-0.510186149508781,10.18585566212466,-0.5499389569445761,10.172135003191597,0.03975280743579501,1.0,0.013720658933062069,1.0,0.042054038814183056,1.0
92,-0.15516617644060998,6.429162639784301,-0.11614533697690188,6.4611548759476864,0.0390208394637081,1.0,0.031992236163385535,1.0,0.050459182387215834,2.0
93,-0.0002491110490910785,9.430551415983762,-0.013571859376900086,9.444021311947687,0.013322748327809008,1.0,0.013469895963924117,1.0,0.018945546185979354,1.0
94,0.2855619265303509,8.288364397237189,0.3241455126542241,8.314287577844375,0.03858358612387319,1.0,0.02592318060718668,1.0,0.04648337779218674,1.0
95,-0.15763065380994293,8.8639733378434,-0.15271847740450095,8.883490852893818,0.004912176405441976,1.0,0.019517515050418766,1.0,0.020126173774006422,1.0
96,0.10098435556356251,6.2325987744986815,0.07113379301792877,6.229107366566595,0.029850562545633744,1.0,0.0034914079320866875,1.0,0.03005405153451078,1.0
97,-0.3806567975196478,12.122865274902757,-0.3900555769695808,12.119168611894933,0.009398779449933004,1.0,0.003696663007824341,1.0,0.010099622396005696,1.0
98,0.2263883319136206,9.79262675682928,0.2610993193179274,9.807658958126593,0.03471098740430681,1.0,0.015032201297312753,1.0,0.03782617774008996,1.0
99,-0.2216802549095834,7.128692401473986,-0.24172537668207372,7.127119482446593,0.02004512177249032,1.0,0.0015729190273923166,1.0,0.020106739694458132,1.0
100,0.10765890013283869,12.535221581172449,0.08268540518607637,12.528028365425484,0.02497349494676232,1.0,0.007193215746964299,1.0,0.025988801485223173,1.0
101,-0.08679144094700682,10.16093429393765,-0.10335231537944622,10.15537856967099,0.016560874432439407,1.0,0.005555724266660178,1.0,0.01746793159175356,1.0
102,-0.16941869365579124,6.1861652639633835,-0.14237191814725847,6.207428134425483,0.027046775508532767,1.0,0.021262870462099848,1.0,0.03440403647389367,1.0
103,0.36529862551041226,12.88183359213987,0.38616741405757615,12.884005174893193,0.020868788547163897,1.0,0.00217158275332352,1.0,0.020981470565257603,1.0
104,0.12390314802287802,10.199945509399049,0.15689549651792856,10.217216651726595,0.03299234849505053,1.0,0.01727114232754623,1.0,0.03723959474158147,1.0
105,0.2226258737299374,9.63222490000439,0.19442444291792693,9.609885311726595,0.02820143081201046,1.0,0.02233958827779503,1.0,0.03597746383871451,1.0
106,0.07181067258880182,7.933481933068249,0.10476758032729583,7.958151158018177,0.03295690773849401,1.0,0.024669224949928292,1.0,0.04116707941199826,1.0
107,0.09789383432551406,7.66573779230298,0.10754450847624675,7.695016188783271,0.009650674150732688,1.0,0.029278396480290958,1.0,0.030827909627815085,1.0
108,-0.27908473367322373,17.1868395268891,-0.3250387696430046,17.196563418872724,0.04595403596978087,1.0,0.009723891983625776,1.0,0.04697156051507269,2.0
109,-0.2725032605084587,10.05921457423151,-0.28190913348207225,10.052392565486596,0.00940587297361356,1.0,0.006822008744913788,1.0,0.011619391107602592,1.0
110,0.01586761353689646,16.725102721220246,0.0779498929679141,16.728384916719932,0.06208227943101764,2.0,0.0032821954996862246,1.0,0.06216898122576175,2.0
111,-0.19900680968465223,6.6425264499291785,-0.19457956537690047,6.685823654347686,0.004427244307751765,1.0,0.04329720441850782,1.0,0.04352296408355678,1.0
112,-0.19025078702864792,7.1760086159764835,-0.18701729882465212,7.1708538475692425,0.003233488203995799,1.0,0.0051547684072410505,1.0,0.006084988356412066,1.0
113,0.0024851129095423896,10.344130641700389,0.05932708693958855,10.368747631119842,0.056841974030046157,2.0,0.024616989419453006,1.0,0.06194357254558299,2.0
114,0.7136028048953013,9.239944690663386,0.8135152537179282,9.224971410926594,0.09991244882262695,3.0,0.014973279736791412,1.0,0.10102819673640749,3.0
115,-0.4566442994024082,15.396896655588455,-0.4934606533080652,15.427638653142749,0.03681635390565702,1.0,0.030741997554294187,1.0,0.04796367717903639,2.0
116,-0.18409979806104548,10.602386742270337,-0.22464173868207116,10.588120151726596,0.040541940621025674,1.0,0.014266590543741131,1.0,0.04297888499090612,1.0
117,-0.4257283760338751,8.856943860753661,-0.4824003723237542,8.885035075983271,0.05667199628987912,2.0,0.02809121522961,1.0,0.06325212673544144,2.0
118,-0.35437675310922195,5.95731747731459,-0.4252869130820729,5.942379148526594,0.07091015997285094,2.0,0.014938328787995836,1.0,0.07246657473865849,2.0
119,-0.26832149878443484,6.994620299379791,-0.3074849656320686,7.0113664961599245,0.03916346684763378,1.0,0.016746196780133893,1.0,0.042593570431752686,1.0
120,0.24472218771724816,8.320636080108374,0.2823671329179285,8.302778174126594,0.03764494520068032,1.0,0.01785790598177961,1.0,0.0416658937887609,1.0
121,0.08045917706367667,10.511991283875789,0.08079069851790965,10.522837927246607,0.00033152145423298585,1.0,0.010846643370818754,1.0,0.01085170857000607,1.0
122,-0.20769887544595042,13.427222057359566,-0.2414077714820726,13.412992804526592,0.03370889603612218,1.0,0.014229252832974382,1.0,0.036589087282396134,1.0
123,0.2056246811498306,9.093923712630918,0.21906859211792717,9.094998429326594,0.013443910968096578,1.0,0.001074716695676159,1.0,0.013486799401417393,1.0
124,0.02146626097421291,7.822505078522561,0.020580751423098675,7.846696070347688,0.0008855095511142337,1.0,0.02419099182512685,1.0,0.024207193407094277,1.0
125,0.1045524866743257,8.721794872126464,0.16093325305937345,8.729945582903841,0.05638076638504774,2.0,0.008150710777377057,1.0,0.05696687550095915,2.0
126,0.1770171927020587,8.690872357339895,0.2308279441179275,8.672556004526594,0.0538107514158688,2.0,0.018316352813300796,1.0,0.05684264023003979,2.0
127,-0.08519026647128904,7.252345297309952,-0.05985880429458357,7.237883886398269,0.02533146217670547,1.0,0.014461410911683181,1.0,0.029168739800793746,1.0
128,0.43921092384598026,11.233708101697257,0.49240881756349175,11.245924473178121,0.05319789371751149,2.0,0.012216371480864296,1.0,0.05458255791127898,2.0
129,-0.07076754398905681,8.825286101827093,-0.08263132575022247,8.805080051627703,0.011863781761165662,1.0,0.02020605019938948,1.0,0.023431469914130754,1.0
130,0.03323810672866773,9.258788342338061,0.008410056117927667,9.254117882126593,0.02482805061074006,1.0,0.004670460211467997,1.0,0.025263517089201486,1.0
131,-0.05821898350056947,14.607310676585335,0.015742373051260472,14.629455625726594,0.07396135655182995,2.0,0.022144949141258863,1.0,0.07720544692867116,2.0
132,-0.06582034905659086,6.742392500423269,-0.08518085106700513,6.764676376598819,0.01936050201041427,1.0,0.02228387617555061,1.0,0.02951948806301571,1.0
133,-0.2305242802050148,9.108641001071502,-0.2751058697457749,9.097775985524372,0.04458158954076008,1.0,0.010865015547130596,1.0,0.04588645430647478,1.0
134,0.40423517537987685,6.522928668326608,0.42695602269292543,6.539323644989931,0.022720847313048576,1.0,0.01639497666332357,1.0,0.028018425409251518,1.0
135,-0.2818192933922925,7.882572199342228,-0.3221650679207886,7.892641580581051,0.04034577452849608,1.0,0.010069381238823283,1.0,0.04158333753845415,1.0
136,0.09410356693849875,7.71771877831127,0.07472546983498862,7.715210708231907,0.019378097103510128,1.0,0.002508070079363378,1.0,0.01953973036856101,1.0
137,0.039627017955588414,10.434102213018843,0.01936507421106004,10.42534451648216,0.020261943744528374,1.0,0.008757696536683568,1.0,0.022073595378530247,1.0
138,0.08604547162665545,7.349016115973762,0.1338816925179276,7.339679404526594,0.04783622089127214,2.0,0.009336711447168078,1.0,0.048738877806185285,2.0
139,0.16653907718835562,12.047638347050743,0.22203400154267872,12.074000157417078,0.0554949243543231,2.0,0.026361810366335447,1.0,0.061438031176809973,2.0
140,0.2267899151393882,9.115183372231066,0.18939597194291213,9.117411435583271,0.03739394319647607,1.0,0.0022280633522058224,1.0,0.03746026233334093,1.0
141,0.06579209778171317,8.491409881036166,0.0524200431969124,8.49800030658899,0.013372054584800772,1.0,0.006590425552824186,1.0,0.014907902360366106,1.0
142,0.5243629260727324,13.215225609311288,0.5597944003429145,13.22137042438327,0.03543147427018212,1.0,0.006144815071982279,1.0,0.035960368758223796,1.0
143,-0.16559051844757508,10.201534897606779,-0.14169570184771807,10.212115877874854,0.02389481659985701,1.0,0.010580980268075635,1.0,0.026132726680815534,1.0
144,0.22393569958696954,9.731374236193897,0.2569742647538531,9.72970297287047,0.033038565166883554,1.0,0.0016712633234270413,1.0,0.03308080877763789,1.0
145,-0.11088382460473231,8.85371975530721,-0.11061909097689959,8.855629131307687,0.0002647336278327195,1.0,0.0019093760004764704,1.0,0.001927641202325006,1.0
146,-0.04809926755086101,11.284123424614672,-0.09251289888539649,11.310559064063167,0.04441363133453548,1.0,0.02643563944849525,1.0,0.05168572028491883,2.0
147,-0.21573136993446937,8.760513819742224,-0.23227815100449956,8.778161664093819,0.016546781070030187,1.0,0.017647844351595054,1.0,0.024191783192597332,1.0
148,0.351918018899795,9.15196661896827,0.40669676290313816,9.1402320395308,0.05477874400334315,2.0,0.011734579437471027,1.0,0.05602152398103894,2.0
149,0.01448064380811089,8.719570985513897,-0.01568572552078873,8.73640076058105,0.03016636932889962,1.0,0.016829775067153108,1.0,0.034543467794918105,1.0
150,-0.36121184395507294,8.888276122566861,-0.39216589245708633,8.894993996383272,0.030954048502013387,1.0,0.006717873816411313,1.0,0.03167464202288989,1.0
151,-0.004502370320756437,10.596927587442034,-0.004886858832065855,10.587553871359923,0.0003844885113094172,1.0,0.009373716082111017,1.0,0.009381598190252855,1.0
152,0.21920548186170022,9.747124909917382,0.25374245273952134,9.739512696467957,0.03453697087782112,1.0,0.007612213449425198,1.0,0.035365917929767836,1.0
153,-0.014970733591186725,9.599888950302066,0.009535501317925466,9.584115849326595,0.02450623490911219,1.0,0.01577310097547091,1.0,0.029143545834420873,1.0
154,-0.06792256849254054,9.003506884350479,-0.014028846147256857,9.005405655225484,0.05389372234528368,2.0,0.00189877087500534,1.0,0.05392716049511877,2.0
155,-0.802831199818976,9.53152983859989,-0.8781525017082803,9.553283044069378,0.0753213018893043,2.0,0.021753205469487114,1.0,0.07839962032113064,2.0
156,0.34927247671828443,7.248336902443497,0.4165285983667184,7.251962466652713,0.06725612164843398,2.0,0.0036255642092157814,1.0,0.0673537720920224,2.0
157,0.06417423913158223,10.672306874308374,0.10168700987367352,10.673135432999382,0.03751277074209129,1.0,0.0008285586910083964,1.0,0.03752191997024067,1.0
158,-0.035647256188316795,7.205280545446149,-0.02839519870144125,7.234343411752881,0.007252057486875546,1.0,0.029062866306731827,1.0,0.029954007006674676,1.0
159,-0.08769876825229125,7.898030903860391,-0.13141854147944532,7.860641746830989,0.04371977322715406,1.0,0.03738915702940204,1.0,0.057527103476561904,2.0
160,-0.009095435445918277,8.24587750287797,0.0069275599705136415,8.26663123783714,0.01602299541643192,1.0,0.02075373495916999,1.0,0.02621934203732948,1.0
161,0.17187069060019042,10.232274410587676,0.2590115929955168,10.226733743773806,0.08714090239532638,2.0,0.005540666813869777,1.0,0.08731687041468056,2.0
162,0.2606192080691655,6.437879419513622,0.32744837003559013,6.456937534156026,0.06682916196642463,2.0,0.019058114642404256,1.0,0.06949351496979873,2.0
163,0.06386314963878317,11.978263279793703,0.09202995810805792,11.992886321182649,0.028166808469274746,1.0,0.014623041388945879,1.0,0.0317364528390876,1.0
164,0.5127076464649762,7.730613882742646,0.5700269160579343,7.75464830312287,0.05731926959295808,2.0,0.024034420380224297,1.0,0.062154259947999946,2.0
165,0.04418945499769763,6.6749896803033835,0.031569297434986154,6.672552212231908,0.012620157562711475,1.0,0.0024374680714753794,1.0,0.01285338972828279,1.0
166,-0.006855864088765238,6.349174238767892,0.010598256876245493,6.362139588783273,0.01745412096501073,1.0,0.012965350015380572,1.0,0.021742737630817244,1.0
167,0.02103425638966565,11.196832917645716,-0.026510948934658884,11.178933833616046,0.04754520532432453,2.0,0.01789908402967022,1.0,0.05080279282119609,2.0
168,-0.12777600969568223,7.7648542337641695,-0.1146334347556417,7.793026116923491,0.013142574940040536,1.0,0.028171883159321176,1.0,0.031086689704711654,1.0
169,0.06611559611715448,7.443756945876648,0.08728002232729581,7.4750881661781765,0.021164426210141335,1.0,0.031331220301528795,1.0,0.037809764643375494,1.0
170,0.29622778255895754,8.102443776224613,0.3537428374554228,8.083441002391597,0.057515054896465245,2.0,0.01900277383301585,1.0,0.060572988642563795,2.0
171,0.1294572051384645,7.583387584330797,0.15824819798607503,7.5909435886254855,0.028790992847610525,1.0,0.007556004294688279,1.0,0.029765995196742678,1.0
172,0.44112006005873367,6.3582492101286805,0.5044903310095799,6.358988178983273,0.06337027095084619,2.0,0.0007389688545922368,1.0,0.06337457940966329,2.0
173,0.11311890037422062,10.189696071485777,0.1521165452121771,10.227061710900475,0.03899764483795648,1.0,0.03736563941469839,1.0,0.05400932615555073,2.0
174,0.19011512341794162,10.177766076834022,0.20066078264293274,10.184158848743257,0.010545659224991122,1.0,0.006392771909235151,1.0,0.012332009616163393,1.0
175,-0.3970449650433325,6.963454786678684,-0.37834306177690236,6.9900521591476865,0.01870190326643012,1.0,0.026597372469002956,1.0,0.0325143261969518,1.0
176,-0.25869653353870375,6.191056177640481,-0.29349747497595935,6.173680981942184,0.034800941437255595,1.0,0.01737519569829704,1.0,0.03889733860398952,1.0
177,-0.04307135906398505,11.625035155941498,-0.06604908165708512,11.62629652198327,0.022977722593100068,1.0,0.0012613660417724049,1.0,0.02301231800268712,1.0
178,-0.01428917305635677,7.892715781153613,0.026928092528759162,7.9167381552900995,0.04121726558511593,1.0,0.02402237413648667,1.0,0.04770678611547131,2.0
179,-0.013076850586422639,10.144666659432874,0.0246711889179263,10.151667326126594,0.03774803950434894,1.0,0.007000666693720348,1.0,0.03839171552012821,1.0
180,-0.07103060333919327,9.28589600148009,-0.07627355626041155,9.313204403919844,0.005242952921218277,1.0,0.027308402439754076,1.0,0.02780714654806706,1.0
181,-0.25824712767794933,7.128731042738951,-0.28891286189873444,7.1673573315999235,0.030665734220785112,1.0,0.0386262888609723,1.0,0.049319138744214744,2.0
182,-0.07451841762287434,8.359617937758118,-0.06866198281688973,8.385563437627706,0.005856434805984606,1.0,0.025945499869587607,1.0,0.026598247914468322,1.0
183,0.349714925195988,9.42200520983891,0.4280749927429124,9.433399001983272,0.07836006754692437,2.0,0.011393792144362536,1.0,0.07918408100993209,2.0
184,-0.005274183744142031,7.949591208071238,-0.025764344857087007,7.95653901958327,0.020490161112944976,1.0,0.006947811512032054,1.0,0.021636052949675633,1.0
185,0.4007450037411941,10.377894839816612,0.46301778797051174,10.40348715463714,0.062272784229317646,2.0,0.025592314820528372,1.0,0.06732656410024344,2.0
186,-0.24680199844743503,14.526634649423784,-0.3035808670820739,14.535211026926593,0.05677886863463885,2.0,0.008576377502809152,1.0,0.05742294118643059,2.0
187,-0.11124858348270601,6.529106159968801,-0.1398233215044833,6.557814136453807,0.028574738021777277,1.0,0.02870797648500556,1.0,0.040505105442114775,1.0
188,0.261382473342109,8.95258129129669,0.286511862770511,8.96528136583714,0.025129389428401983,1.0,0.01270007454044908,1.0,0.028156315568221,1.0
189,-0.11191081188744062,6.634602640317667,-0.16300818955336993,6.661976436282982,0.05109737766592931,2.0,0.027373795965314862,1.0,0.057967807530432784,2.0
190,-0.17977575901754156,10.158167426206475,-0.24066116740450116,10.190597990493817,0.060885408386959605,2.0,0.03243056428734192,1.0,0.06898387097316494,2.0
191,-0.03992831517622138,8.185223386379167,-0.03253612534873884,8.214385196926594,0.007392189827482534,1.0,0.029161810547426725,1.0,0.03008414307986094,1.0
192,-0.010323622683932108,7.433139710954623,0.059797877454224935,7.438704507284374,0.07012150013815704,2.0,0.005564796329751154,1.0,0.07034196286582547,2.0
193,-0.3529097834276634,10.614471270983595,-0.3592179166820717,10.607059311086594,0.006308133254408321,1.0,0.007411959897000386,1.0,0.009732918096342642,1.0
194,0.03151218793901621,7.746082204363399,0.029677869717927408,7.749237098126594,0.0018343182210888015,1.0,0.003154893763195332,1.0,0.0036493941953791714,1.0
195,-0.02321706139530356,14.11324316756556,-0.05426793948207376,14.098758201326593,0.031050878086770196,1.0,0.014484966238967445,1.0,0.03426326424763835,1.0
196,0.09652063390228942,14.057671459322313,0.10137409211792914,14.063907096686593,0.004853458215639719,1.0,0.006235637364280677,1.0,0.007901849782789721,1.0
197,-0.004931052312369351,9.700776454162929,-0.056013929882072766,9.716340170126596,0.051082877569703415,2.0,0.015563715963667235,1.0,0.05340121380080249,2.0
198,-0.08220703288472733,10.536685125433477,-0.06528543140301934,10.53228089199271,0.016921601481707987,1.0,0.004404233440768124,1.0,0.017485361560646156,1.0
199,-0.0252906661274583,8.603321374681268,-0.015098620247717243,8.627675367474856,0.010192045879741058,1.0,0.02435399279358741,1.0,0.026400658404760555,1.0
200,-0.24095612395384486,7.964926142953483,-0.2748555782176907,7.955274695417877,0.03389945426384583,1.0,0.009651447535605762,1.0,0.03524660889956828,1.0
201,-0.08137396065804939,9.997308635301122,-0.10228535536501226,9.999427016231909,0.020911394706962877,1.0,0.0021183809307867563,1.0,0.021018419692220344,1.0
202,-0.5457809509070769,8.884346296997787,-0.6000468478820746,8.886591390926595,0.05426589697499773,2.0,0.0022450939288081173,1.0,0.05431231924020773,2.0
203,-0.15561957578085445,9.026450912806602,-0.13796637334873996,9.038429342686593,0.01765320243211449,1.0,0.011978429879990315,1.0,0.02133350272456583,1.0
204,5.596494145437723,10.331259297624937,6.268864476117927,10.315168518926594,0.672370330680204,15.0,0.0160907786983433,1.0,0.6725628407354409,15.0
205,-0.23450686521043837,9.013156968449547,-0.2473390979000074,9.038331249640015,0.01283223268956904,1.0,0.02517428119046805,1.0,0.028256160907950637,1.0
206,0.16408646727930445,8.276034313694467,0.19181650157051378,8.29240070023714,0.02773003429120932,1.0,0.016366386542673084,1.0,0.032199587113126704,1.0
207,-0.016753336904989136,9.788852111674736,0.02913533730805895,9.807168898942653,0.045888674213048083,1.0,0.01831678726791708,1.0,0.04940926144812725,2.0
208,0.1524179668288688,7.893291495607371,0.19175883996671894,7.918012829212712,0.039340873137850146,1.0,0.024721333605341123,1.0,0.04646341178255195,1.0
209,0.26072989628202314,6.350937319861905,0.30171599933718074,6.392022084717141,0.0409861030551576,1.0,0.04108476485523571,1.0,0.05803290917107301,2.0
210,-0.19151797457689027,7.794577453638489,-0.24160479447430072,7.788724530250111,0.050086819897410456,2.0,0.005852923388378173,1.0,0.05042763369052583,2.0
211,3.561248690884154,6.5791192894752974,3.8390017108426644,6.6124523474570935,0.27775301995851054,6.0,0.03333305798179609,1.0,0.2797460148965317,7.0
212,-0.019511216628072196,11.222926650095431,0.02171540102055225,11.21887776951099,0.041226617648624446,1.0,0.004048880584441861,1.0,0.0414249615175795,1.0
213,0.08431965131358118,7.286673016348903,0.0763031599679338,7.300458930559923,0.008016491345647386,1.0,0.013785914211020156,1.0,0.015947274504706028,1.0
214,-0.40528767940273047,7.307367918290337,-0.4630935032139236,7.315861555025484,0.05780582381119315,2.0,0.008493636735146914,1.0,0.05842649340392885,2.0
215,-0.044584200464300006,11.463509660065705,-0.06327150108207213,11.458774463726593,0.01868730061777213,1.0,0.004735196339112235,1.0,0.019277896377689358,1.0
216,-0.14477773147371717,8.565672843745737,-0.1655515948963142,8.561896090005524,0.020773863422597044,1.0,0.0037767537402135787,1.0,0.021114385388046053,1.0
217,-0.2754351324233732,6.261819577462474,-0.3087249832570875,6.267894989983273,0.03328985083371433,1.0,0.006075412520798906,1.0,0.033839692756123405,1.0
218,2.020501248228419,15.436904119197727,2.2435878295294147,15.423433502119394,0.22308658130099568,5.0,0.013470617078333191,1.0,0.2234929087936278,5.0
219,0.20436120380879375,9.276531164404144,0.2266472746110635,9.276231162082164,0.022286070802269742,1.0,0.00030000232198013066,1.0,0.022288089940525935,1.0
220,-0.09098413851814369,8.883347796103136,-0.08131629002373497,8.91292708210326,0.009667848494408715,1.0,0.02957928600012316,1.0,0.03111914932622553,1.0
221,0.013686011482431572,6.942855924530196,0.0005319397179279761,6.944132111726592,0.013154071764503596,1.0,0.0012761871963959948,1.0,0.01321583360011603,1.0
222,0.33870089549739313,11.692909879671236,0.37318125851792594,11.708087034926592,0.03448036302053281,1.0,0.015177155255356567,1.0,0.03767282144561148,1.0
223,-0.3692245617380181,6.168694445417862,-0.40748899177690223,6.1849471727476875,0.038264430038884134,1.0,0.01625272732982541,1.0,0.04157304116682243,1.0
224,0.06966566741787752,8.619573218774352,0.06893101634291288,8.629419685183272,0.0007346510749646484,1.0,0.009846466408919952,1.0,0.009873834763856223,1.0
225,-0.2827404300362182,16.38096150209353,-0.32372323548207405,16.370089778126598,0.04098280544585586,1.0,0.010871723966932478,1.0,0.04240029155826699,1.0
226,0.01081046099846775,5.9810171553870335,0.008968782379227935,5.988281619341038,0.001841678619239815,1.0,0.007264463954004263,1.0,0.007494278929663102,1.0
227,-0.11293034127892657,6.879740228306549,-0.2141093343996583,6.860469562919247,0.10117899312073173,3.0,0.019270665387301378,1.0,0.10299780188622674,3.0
228,-0.24594588107214455,9.397324260167144,-0.23728646693409594,9.428547122741087,0.008659414138048604,1.0,0.031222862573942578,1.0,0.032401428988943375,1.0
229,-0.3768870158422578,7.076372609911892,-0.421689323137834,7.103865271093818,0.044802307295576216,1.0,0.027492661181926614,1.0,0.05256513252976213,2.0
230,0.20834735636796062,6.112818005173043,0.23193159914291472,6.107649867583272,0.023584242774954106,1.0,0.005168137589770971,1.0,0.024143863680338707,1.0
231,-0.13851347169522465,11.641932763688553,-0.18148556628207402,11.630778647726594,0.04297209458684936,1.0,0.011154115961959477,1.0,0.04439611712834769,1.0
232,0.02945156183747879,10.906557103403587,0.08859637203585535,10.935097158773644,0.059144810198376564,2.0,0.02854005537005655,1.0,0.06567071899962633,2.0
233,0.08039325289384733,12.510621207390106,0.06738580890806123,12.507773203582651,0.013007443985786099,1.0,0.0028480038074540914,1.0,0.013315582027483288,1.0
234,0.4108726061844163,7.402815546721942,0.503659575717927,7.391218329326595,0.09278696953351068,2.0,0.011597217395347137,1.0,0.09350891490402174,3.0
235,0.09095021087603745,9.71499175731734,0.12887501171792604,9.742109632526596,0.03792480084188858,1.0,0.027117875209254905,1.0,0.04662263050023706,2.0
236,0.48730182338751116,6.393890631710908,0.5652650816762468,6.439447975983272,0.07796325828873563,2.0,0.04555734427236402,1.0,0.09029806897241381,2.0
237,0.10930764677882972,10.72774863463902,0.13577876569551606,10.733376879013807,0.02647111891668634,1.0,0.005628244374786817,1.0,0.02706283930861041,1.0
238,0.053333005597541866,8.042281403325228,0.06536079387308691,8.061007826541028,0.012027788275545043,1.0,0.018726423215799315,1.0,0.022256383741717033,1.0
239,0.0070397251188654515,6.686726785466387,0.017224686476629447,6.683387313859704,0.010184961357763995,1.0,0.00333947160668302,1.0,0.010718465770388404,1.0
240,-0.13092351477062605,8.125606865246393,-0.15945467006695369,8.12995468887933,0.02853115529632763,1.0,0.0043478236329370645,1.0,0.028860533482357707,1.0
241,-0.2907669312504957,8.599921420886089,-0.3494153626570702,8.614566634223257,0.0586484314065745,2.0,0.014645213337168173,1.0,0.06044932406688136,2.0
242,0.2816317124081272,14.737370408839181,0.29602967793304735,14.73371712183933,0.014397965524920175,1.0,0.003653286999851346,1.0,0.014854222199767739,1.0
243,0.06685655663076474,10.679818773207707,0.10110529750333441,10.705545623729368,0.03424874087256967,1.0,0.025726850521660793,1.0,0.04283511514073824,1.0
244,0.3412793849799895,12.234714194934277,0.34359377610805986,12.216429429982654,0.002314391128070359,1.0,0.018284764951623345,1.0,0.01843065478027854,1.0
245,0.29488152991225636,6.766814528425606,0.3369832234110608,6.794241207682162,0.04210169349880444,1.0,0.027426679256556064,1.0,0.05024714251088588,2.0
246,-0.017878556027007084,16.252711985894297,-0.0638249046505619,16.25648940654651,0.04594634862355482,1.0,0.0037774206522129816,1.0,0.0461013650407556,1.0
247,-0.2516587643115048,6.739541013574946,-0.2896038463320836,6.749724069399934,0.03794508202057878,1.0,0.010183055824988685,1.0,0.03928770641668061,1.0
248,0.11431286229918142,7.941015554807579,0.12998341074142905,7.943728415684381,0.015670548442247634,1.0,0.0027128608768025586,1.0,0.015903638030894555,1.0
249,-0.08886669386668868,8.618408438549372,-0.13894993908207187,8.621017079726595,0.050083245215383196,2.0,0.002608641177223703,1.0,0.05015113617950954,2.0
250,-0.06009895690861602,8.307075324673514,-0.03727465041392275,8.317614518225485,0.022824306494693268,1.0,0.010539193551970527,1.0,0.025140078911761482,1.0
251,0.41208472415748926,13.730597674425649,0.5143682282512598,13.756549974526592,0.10228350409377057,3.0,0.025952300100943404,1.0,0.10552458050250571,3.0
252,-0.14426693013909103,11.183686674485898,-0.20104362746651017,11.166875045714935,0.056776697327419134,2.0,0.016811628770962983,1.0,0.059213378736076475,2.0
253,0.29623384013852283,13.07791280284615,0.34801041914291275,13.050491909983272,0.05177657900438992,2.0,0.027420892862878077,1.0,0.058589414562660286,2.0
254,-0.1126685186462955,14.566675268957914,-0.12759127335707188,14.567702549543258,0.014922754710776379,1.0,0.0010272805853439593,1.0,0.0149580718529837,1.0
255,0.08466273313770899,13.87302729111717,0.11360305080125066,13.893841118039937,0.028940317663541673,1.0,0.02081382692276712,1.0,0.03564768404311292,1.0
256,-0.12154781185063177,7.364091793205069,-0.10367188308207442,7.353689805326592,0.017875928768557342,1.0,0.010401987878476682,1.0,0.02068212225963554,1.0
257,0.2048023594398858,7.221500420823863,0.24762579472729795,7.271260091618176,0.04282343528741214,1.0,0.049759670794313315,2.0,0.06564961117458055,2.0
258,0.10023035353367973,7.104739590450343,0.10207275436793362,7.115570015359923,0.0018424008342538822,1.0,0.010830424909579861,1.0,0.01098601586363807,1.0
259,0.12208717449382903,12.993656661700557,0.19279409771792988,13.002309441326595,0.07070692322410085,2.0,0.008652779626038054,1.0,0.07123439890302768,2.0
260,0.5290685791466305,12.405933756208887,0.6023109182512609,12.449442836926593,0.0732423391046304,2.0,0.04350908071770654,1.0,0.08519084658821965,2.0
261,0.017545391806422336,10.307053622388588,0.023787447795499794,10.321696641693817,0.006242055989077459,1.0,0.014643019305228933,1.0,0.015917954559053277,1.0
262,0.3038234574537354,7.024657151822821,0.32143286782309843,7.040465414347686,0.017609410369363032,1.0,0.01580826252486478,1.0,0.023664160614982194,1.0
263,-0.03940224469213404,8.083074591436812,-0.09126076061699484,8.092661051245479,0.0518585159248608,2.0,0.009586459808666348,1.0,0.05273713952796659,2.0
264,-0.41910445167966554,10.096137865854473,-0.5196393728139244,10.088069613425485,0.10053492113425883,3.0,0.008068252428987677,1.0,0.10085815318916715,3.0
265,0.3315453681171147,11.055008564941678,0.3496725821522819,11.081644520274855,0.018127214035167205,1.0,0.026635955333176753,1.0,0.032219093798363574,1.0
266,-0.06970594985879824,6.286818563035962,-0.06281224454725765,6.312757323225485,0.006893705311540599,1.0,0.025938760189522903,1.0,0.026839196208007822,1.0
267,-0.08635799118364473,10.93539389510951,-0.10111859150228142,10.929911091732547,0.014760600318636685,1.0,0.005482803376962053,1.0,0.015745998051472122,1.0
268,0.2107721478055432,9.65449097864987,0.2649072688766294,9.639358617859704,0.0541351210710862,2.0,0.015132360790165222,1.0,0.05621031645939107,2.0
269,0.06978197158283785,7.4536527968875514,0.10022362301790944,7.447814808166608,0.03044165143507159,1.0,0.005837988720943876,1.0,0.03099639098992436,1.0
270,-0.12205205221278097,7.67940691202842,-0.09413160367270335,7.694828186018178,0.027920448540077622,1.0,0.0154212739897579,1.0,0.03189619316072541,1.0
271,-0.09450916224303124,7.708415282249253,-0.13221905805708767,7.706100778783273,0.03770989581405643,1.0,0.0023145034659801667,1.0,0.03778085717133777,1.0
272,0.37908135014029204,9.09936766993254,0.41237236792729526,9.131908305218179,0.03329101778700322,1.0,0.03254063528563833,1.0,0.04655303223300814,1.0
273,-0.38645788234872186,8.99599526141517,-0.42804270348207396,9.004805310926596,0.0415848211333521,1.0,0.008810049511426499,1.0,0.04250781482370829,1.0
274,0.48581093001714537,7.027298698576601,0.525526144342912,7.0438535051832725,0.039715214325766635,1.0,0.016554806606671413,1.0,0.04302743160735801,1.0
275,0.24122796298942237,8.90352777029269,0.2972552170527418,8.935703445945485,0.05602725406331946,2.0,0.032175675652794666,1.0,0.06460903421031451,2.0
276,0.02898789375097473,12.990837076235195,0.06817665264592598,12.996201094755195,0.039188758894951256,1.0,0.005364018519999902,1.0,0.03955415930606443,1.0
277,0.1972504512578639,15.720176247184193,0.20930425381417272,15.709056741798243,0.012053802556308835,1.0,0.011119505385950745,1.0,0.016399315720317876,1.0
278,0.18788696679844444,9.983443918138637,0.2060262716637533,10.01927714393493,0.018139304865308875,1.0,0.03583322579629389,1.0,0.040162849151483264,1.0
279,-0.2249592699140896,9.194388603703372,-0.24403750300450255,9.200604088893817,0.019078233090412955,1.0,0.006215485190445236,1.0,0.020065174656722327,1.0
280,0.2740101041757183,8.170730210494277,0.3309309707230814,8.1912593139877,0.056920866547363114,2.0,0.020529103493423406,1.0,0.06050974416361724,2.0
281,-0.07930881499505131,8.535635431343161,-0.06108330032375342,8.566796170383272,0.01822551467129789,1.0,0.03116073904011074,1.0,0.03609932191273925,1.0
282,0.9852669163764417,10.148734904893098,1.0690085188777303,10.17242933748216,0.08374160250128859,2.0,0.02369443258906223,1.0,0.08702920271495906,2.0
283,0.1580538842666582,6.898671978547915,0.17512173232729644,6.912465447938178,0.01706784806063824,1.0,0.013793469390263269,1.0,0.021944731377739904,1.0
284,0.2863049482256064,14.41543089005563,0.28527038632729607,14.438770912418176,0.00103456189831036,1.0,0.02334002236254662,1.0,0.02336293993070247,1.0
285,0.055768033762928514,12.7042345128917,0.13117605651468534,12.763424524131198,0.07540802275175681,2.0,0.05919001123949741,2.0,0.09586358706965488,3.0
286,0.4974410577987526,9.427719531708975,0.5501920837179286,9.423870726926594,0.05275102591917602,2.0,0.0038488047823808103,1.0,0.052891247232207124,2.0
287,-0.2152989413725982,11.672285790216812,-0.20077412000309103,11.666881327388987,0.014524821369507168,1.0,0.005404462827824474,1.0,0.015497698354059826,1.0
288,0.023367642408407992,6.008161989308817,0.011050499648084688,6.034230325404366,0.012317142760323304,1.0,0.02606833609554826,1.0,0.02883175597442253,1.0
289,-0.27671799512490125,6.25578979670831,-0.2549321928496697,6.2296086949925895,0.021785802275231525,1.0,0.026181101715720523,1.0,0.03405981896347054,1.0
290,-0.00805412056632852,13.585931234131602,-0.029623790282073514,13.583871318926596,0.021569669715744994,1.0,0.0020599152050060354,1.0,0.02166780797169252,1.0
291,0.04426102156781576,8.308917726950654,0.11038296224628974,8.345094546360542,0.06612194067847399,2.0,0.036176819409888594,1.0,0.07537156825821872,2.0
292,-0.2697804463792455,9.887589490280988,-0.29730816616957867,9.898600085014934,0.027527719790333194,1.0,0.011010594733946277,1.0,0.029648078407382615,1.0
293,0.014299230994960182,10.898964432898058,0.013552768452298913,10.921970191834841,0.0007464625426612682,1.0,0.02300575893678314,1.0,0.023017865899882497,1.0
294,0.48702411465678896,7.657364148191385,0.5596596458512617,7.684362244126593,0.07263553119447275,2.0,0.026998095935208077,1.0,0.07749075800397053,2.0
295,-0.2125738734152566,7.499079111961176,-0.19606933566440965,7.514069102836026,0.016504537750846954,1.0,0.014989990874849646,1.0,0.022295730371468165,1.0
296,0.15879007062194697,16.740486724890804,0.19228919771792619,16.72473153812659,0.033499127095979214,1.0,0.01575518676421339,1.0,0.03701914945224719,1.0
297,0.3998324742005089,9.291312407393177,0.45156509945422485,9.293298292724373,0.05173262525371597,2.0,0.0019858853311962577,1.0,0.05177072779274087,2.0
298,0.012380324214456657,8.356713355881903,0.01417785703042096,8.339929037014931,0.0017975328159643023,1.0,0.016784318866971404,1.0,0.016880298695598987,1.0
299,0.1875996176813234,15.822733833407632,0.1924811702277589,15.81475435602743,0.004881552546435491,1.0,0.007979477380201772,1.0,0.00935422976651539,1.0
300,0.20816584161620386,13.112492829170337,0.24268115114291433,13.130051636383271,0.034515309526710475,1.0,0.017558807212934013,1.0,0.03872490545457296,1.0
301,-0.08106416436303807,9.890206686998827,-0.0817835242820717,9.901229085326595,0.0007193599190336297,1.0,0.011022398327767746,1.0,0.011045847345907387,1.0
302,0.32027750757148477,6.275004711027264,0.322872052768322,6.291689791831907,0.002594545196837217,1.0,0.016685080804642816,1.0,0.01688560292781668,1.0
303,0.16084241586153147,6.629108249178389,0.21564661305274146,6.681409484025484,0.05480419719120999,2.0,0.05230123484709548,2.0,0.07575565455003384,2.0
304,0.16354655597063394,10.592788084842137,0.1366017606542247,10.606459858484374,0.026944795316409254,1.0,0.013671773642236928,1.0,0.030214886879943045,1.0
305,-0.2151673558215486,9.416485801613915,-0.22326535330895325,9.429112283375169,0.00809799748740464,1.0,0.012626481761254027,1.0,0.01500018683127955,1.0
306,-0.0019064543016282776,11.416029677672443,-0.03996333577634026,11.441826160272726,0.03805688147471198,1.0,0.025796482600283,1.0,0.04597591480467767,1.0
307,0.1258943125854656,6.232298992819033,0.1338564987860753,6.244619422625483,0.007962186200609705,1.0,0.012320429806449873,1.0,0.014669335353342975,1.0
308,0.7389648742428928,13.01302349044563,0.8531822252945158,13.00140218109997,0.114217351051623,3.0,0.01162130934566008,1.0,0.11480704731050796,3.0
309,-0.24056809960319822,14.260038957851027,-0.24193446165708643,14.240510797183271,0.0013663620538882093,1.0,0.019528160667755756,1.0,0.019575903665680124,1.0
310,0.023690270083352092,12.910501050291973,0.0689846243272969,12.947900529218177,0.04529435424394482,1.0,0.03739947892620421,1.0,0.05873925050873185,2.0
311,-0.5106692692904766,6.1167254987636905,-0.5731735984570876,6.13679633878327,0.06250432916661097,2.0,0.020070840019579705,1.0,0.0656477705916935,2.0
312,0.005543920539679458,6.761734407815962,0.03008921302309897,6.764257711147688,0.024545292483419513,1.0,0.0025233033317260123,1.0,0.024674651827341153,1.0
313,0.4114631752009847,14.80580437761866,0.412415295851261,14.826103602526594,0.0009521206502763335,1.0,0.020299224907933677,1.0,0.020321541909893492,1.0
314,0.25480105407439285,10.946466009874579,0.31436270834291236,10.925395054783271,0.059561654268519504,2.0,0.021070955091307297,1.0,0.06317891901308961,2.0
315,0.6726293405245154,8.292959807249412,0.7574742841179285,8.274757372526594,0.0848449435934131,2.0,0.01820243472281824,1.0,0.08677553274516907,2.0
316,-0.3666590621990879,11.143544009347465,-0.40739047875708767,11.139718215703272,0.04073141655799978,1.0,0.0038257936441929985,1.0,0.040910695323218914,1.0
317,-0.4574374016294245,10.781535142950885,-0.48796490868207165,10.787019467726594,0.030527507052647174,1.0,0.0054843247757094815,1.0,0.031016229704702726,1.0
318,-0.0019875494675870246,7.705196287879672,-0.0045123734919392255,7.682072043742652,0.002524824024352201,1.0,0.023124244137020078,1.0,0.023261672408974674,1.0
319,0.21116310797986143,9.393035186147488,0.2455287622240414,9.405859989142185,0.03436565424417998,1.0,0.012824802994696682,1.0,0.036680700149851364,1.0
320,-0.14558315040441389,13.453994083896948,-0.17422049631846193,13.453964178601545,0.02863734591404804,1.0,2.990529540269904e-05,1.0,0.028637361528736145,1.0
321,-0.04699353813501822,7.95858848064038,-0.048756358682072065,7.973905876526592,0.001762820547053845,1.0,0.015317395886212282,1.0,0.015418500349128256,1.0
322,-0.09098545653210821,6.082587848453446,-0.09585645632375295,6.1117013479832725,0.004870999791644737,1.0,0.029113499529826115,1.0,0.029518172264613344,1.0
323,-0.08748246823607608,11.154531747593946,-0.09406956645708764,11.15118950278327,0.006587098221011556,1.0,0.0033422448106765756,1.0,0.007386505489590332,1.0
324,-0.2279622446037074,5.951891325962975,-0.22765505374873962,5.963118449086594,0.000307190854967776,1.0,0.01122712312361962,1.0,0.011231324937614895,1.0
325,0.4312859544638903,7.51296723262793,0.4611021583429138,7.506075793183272,0.029816203879023506,1.0,0.006891439444657976,1.0,0.030602254024415982,1.0
326,-0.010504904553731337,10.869287227926366,-0.06035850806695198,10.86731164263933,0.04985360351322064,2.0,0.001975585287036452,1.0,0.04989273214086156,2.0
327,-0.12157381602497629,7.318174917163089,-0.14053788949576917,7.341890680357702,0.01896407347079289,1.0,0.02371576319461255,1.0,0.03036566328122226,1.0
328,-0.22251690816943656,7.128288389837973,-0.23979921645708746,7.125664570783271,0.0172823082876509,1.0,0.0026238190547021034,1.0,0.01748034914357333,1.0
329,0.2857440860012524,11.176059533922485,0.3053809369179259,11.180315421326593,0.0196368509166735,1.0,0.004255887404108094,1.0,0.02009274723675453,1.0
330,0.48449052555846844,6.666402679388647,0.5562833102512603,6.694368342526593,0.07179278469279188,2.0,0.027965663137945462,1.0,0.07704727281799541,2.0
331,-0.017078782847274793,10.233246603764465,0.011054319008786173,10.243142591407075,0.028133101856060966,1.0,0.009895987642609683,1.0,0.029822843450385217,1.0
332,-0.031373962228219754,9.044366060159316,-0.04021613966695359,9.032432891439328,0.008842177438733834,1.0,0.011933168719988174,1.0,0.014852091352996649,1.0
333,-0.3427674165760739,6.787389424392347,-0.41298729567391756,6.781742084821761,0.07021987909784366,2.0,0.005647339570586496,1.0,0.07044660293258499,2.0
334,-0.3583603104730096,7.805252647806484,-0.374879644632085,7.806680740719937,0.016519334159075416,1.0,0.0014280929134526943,1.0,0.01658094841764637,1.0
335,0.2113679513762061,13.715623360706886,0.23482482491792744,13.714969970126594,0.02345687354172135,1.0,0.0006533905802914575,1.0,0.02346597186571911,1.0
336,0.22361906486077998,9.121832407252294,0.21890632486523476,9.160307766233824,0.004712739995545223,1.0,0.03847535898153076,1.0,0.03876290968210812,1.0
337,0.12476905481575909,9.991888719730595,0.1428852541179273,9.979663142126597,0.018116199302168207,1.0,0.01222557760399745,1.0,0.021855466705317548,1.0
338,0.26973052453279905,8.528002514411797,0.24581700825274444,8.560996856985485,0.023913516280054614,1.0,0.03299434257368716,1.0,0.04074902333487592,1.0
339,0.1567185956519318,13.04052464101156,0.21131614855228342,13.088527455474853,0.05459755290035162,2.0,0.048002814463293575,2.0,0.07269912639849313,2.0
340,-0.03123271999655857,8.473914147482894,-0.05204207298208985,8.472659814406606,0.020809352985531278,1.0,0.0012543330762877503,1.0,0.02084712265859989,1.0
341,0.3708554858747976,10.894378294628453,0.44489463352729697,10.927007193218177,0.07403914765249936,2.0,0.03262889858972429,1.0,0.08091007606155808,2.0
342,-0.4075272088820383,13.897472034379152,-0.4404079354820727,13.894154251886594,0.03288072660003438,1.0,0.003317782492558763,1.0,0.033047690727403906,1.0
343,0.07988177133596962,8.428449197043266,0.05264128625422515,8.436654381524374,0.027240485081744467,1.0,0.008205184481107963,1.0,0.02844941264521568,1.0
344,-0.23401859413070866,11.998553398181988,-0.3024772120570862,11.970304889983272,0.06845861792637756,2.0,0.028248508198716493,1.0,0.07405781919448273,2.0
345,-0.12194298317285214,12.127858628121789,-0.11147525374874068,12.161476072126593,0.010467729424111463,1.0,0.03361744400480404,1.0,0.03520945754641137,1.0
346,0.05345328015464545,8.784933113730744,0.0728340421179281,8.791895594126593,0.01938076196328265,1.0,0.006962480395849013,1.0,0.020593447199048667,1.0
347,-0.8700416007945265,14.075027465913005,-0.9271196324207702,14.056718892941038,0.0570780316262437,2.0,0.018308572971966086,1.0,0.059942518620727664,2.0
348,-0.08377813806926941,12.366548296456104,-0.07047233664139707,12.37404574154275,0.01330580142787234,1.0,0.007497445086645627,1.0,0.015272721907546024,1.0
349,0.21531892832997074,7.483670722630126,0.18295807731721725,7.48956713788744,0.03236085101275349,1.0,0.005896415257314658,1.0,0.03289365274876479,1.0
350,0.054032909545612455,6.059643669199314,0.07671527771792741,6.059467398926595,0.022682368172314955,1.0,0.00017627027271949203,1.0,0.022683053081838236,1.0
351,0.14729486121144872,10.402602676120358,0.15219175571792842,10.386193621646596,0.004896894506479704,1.0,0.01640905447376184,1.0,0.01712415383399935,1.0
352,0.3018127894388769,8.125445348039344,0.28128870593558997,8.146044235636026,0.02052408350328694,1.0,0.020598887596682047,1.0,0.029078379835723936,1.0
353,-0.11419214507122069,6.224608179783373,-0.13394325828207343,6.218586851726595,0.01975111321085274,1.0,0.006021328056777797,1.0,0.020648555993949335,1.0
354,0.10638398322494703,9.352554285991072,0.11096174354291488,9.34208021398327,0.004577760317967847,1.0,0.010474072007802704,1.0,0.011430751241864956,1.0
355,0.39050906063282864,8.477999623053359,0.3720340231429131,8.48318496358327,0.018475037489915525,1.0,0.005185340529910931,1.0,0.01918892301993317,1.0
356,-0.23537136490430208,6.677108626428585,-0.21105047292956147,6.690389327837867,0.024320891974740605,1.0,0.013280701409281725,1.0,0.027710698590427123,1.0
357,0.06371066110815629,7.719811324703086,0.07786245669856973,7.734374412553823,0.014151795590413435,1.0,0.014563087850737233,1.0,0.02030657150237665,1.0
358,-0.3462124233092808,6.643567008288454,-0.3727232590820737,6.647083704686595,0.026510835772792896,1.0,0.00351669639814034,1.0,0.02674306577280714,1.0
359,-0.012220789657041008,8.157781582686441,-0.02018276232227212,8.182933811882162,0.007961972665231111,1.0,0.025152229195720466,1.0,0.02638233579946894,1.0
360,5.5005564814916,12.144253764735256,6.032266706490326,12.144183556672724,0.5317102249987258,12.0,7.020806253166256e-05,1.0,0.531710229633931,12.0
361,0.17044905346119962,6.998472292694108,0.18848842125043008,6.967584529278705,0.01803936778923046,1.0,0.03088776341540278,1.0,0.035769717905527576,1.0
362,-0.6426999200629662,6.799200771018157,-0.7138218219237547,6.826613215983272,0.07112190186078848,2.0,0.027412444965115412,1.0,0.07622182799737297,2.0
363,-0.007276999766117928,6.6233208265831145,-0.0005935054820720431,6.614134144526595,0.006683494284045885,1.0,0.009186682056519402,1.0,0.011360643602034594,1.0
364,-0.008782646586253579,6.709482116240371,0.019869974211061514,6.702922419682164,0.028652620797315093,1.0,0.006559696558206873,1.0,0.029393915994478933,1.0
365,-0.019039162067515786,12.09838962411745,-0.011212896247151605,12.077210733447709,0.007826265820364182,1.0,0.021178890669741435,1.0,0.02257865909862367,1.0
366,-0.4023510887586696,17.32955868987963,-0.39570577017944686,17.32401506007099,0.0066453185792227365,1.0,0.005543629808638428,1.0,0.008654021635897811,1.0
367,-0.21443037144202673,7.463701968326694,-0.19258780532373843,7.508158953823259,0.021842566118288304,1.0,0.044456985496565515,1.0,0.04953303194913101,2.0
368,-0.0067412424578161215,8.24672424977525,0.026184910330419253,8.248147577134933,0.03292615278823537,1.0,0.001423327359683313,1.0,0.032956902133044044,1.0
369,0.10808826478575734,7.142326670950881,0.1370736398621828,7.178079668933805,0.028985375076425457,1.0,0.03575299798292342,1.0,0.04602639278813833,1.0
370,-0.03833740377492865,11.360594208554124,-0.05437681120190252,11.377219417211023,0.01603940742697387,1.0,0.016625208656899204,1.0,0.023101085547954252,1.0
371,0.1554773634891014,9.056103890114581,0.20368292947921063,9.066974276821052,0.04820556599010922,2.0,0.010870386706470114,1.0,0.049416008535443014,2.0
372,0.16163111334492097,5.923587763549983,0.1422647089179283,5.927243078126595,0.019366404426992667,1.0,0.0036553145766120565,1.0,0.019708347091621704,1.0
373,0.04061115883467305,8.22150229098549,0.05769835451792771,8.224344117326595,0.01708719568325466,1.0,0.0028418263411058575,1.0,0.017321900394322784,1.0
374,0.2105539502093319,8.4807949416114,0.2682053240990445,8.47889922961885,0.057651373889712615,2.0,0.0018957119925495647,1.0,0.057682533190994076,2.0
375,0.06527449123195007,8.536538363700387,0.08355156404266584,8.539273190657093,0.018277072810715764,1.0,0.0027348269567060157,1.0,0.018480548395849387,1.0
376,0.3047622809547505,11.276936566534886,0.3600187493605782,11.312344675172703,0.05525646840582771,2.0,0.03540810863781729,1.0,0.06562782533340342,2.0
377,0.3140331326335189,6.12989361720241,0.27365829083559223,6.166719430156025,0.040374841797926664,1.0,0.03682581295361498,1.0,0.054646759738361826,2.0
378,0.34637096226678515,7.979127471109797,0.37368615851792697,7.985664938126595,0.027315196251141816,1.0,0.0065374670167983595,1.0,0.02808662352854323,1.0
379,-0.10166208258416028,8.64171778119777,-0.08484949657690244,8.670740216107689,0.016812586007257838,1.0,0.02902243490991907,1.0,0.033540494575243385,1.0
380,-0.06071454995899649,7.309769947566779,-0.04082764974577424,7.349287263764374,0.01988690021322225,1.0,0.03951731619759524,1.0,0.044239202971475225,1.0
381,0.04190008896782409,8.749290584394465,0.0033815851429137567,8.761644005983271,0.03851850382491033,1.0,0.012353421588805702,1.0,0.04045098468344624,1.0
382,0.01812249377627504,17.23583363110882,0.047737948476244796,17.25207250638327,0.029615454699969755,1.0,0.016238875274449782,1.0,0.03377537900994002,1.0
383,-0.022041807217170084,9.59625593482525,-0.03471429847270535,9.635036126018177,0.012672491255535268,1.0,0.038780191192927305,1.0,0.040798226230825456,1.0
384,-0.06628885591308613,8.00820130075622,-0.10220983666799244,8.012641387816046,0.03592098075490631,1.0,0.004440087059826681,1.0,0.036194353585790005,1.0
385,0.011547140572469146,6.458640797018136,0.005859731811061142,6.4653689100821605,0.005687408761408004,1.0,0.0067281130640246545,1.0,0.00880988784387405,1.0
386,-0.3868589223347309,7.975739984381168,-0.47135876363179774,8.019804254802233,0.08449984129706684,2.0,0.04406427042106564,1.0,0.09529891451097584,3.0
387,0.1535181372687062,7.237769994500751,0.1801147666110623,7.243578764482159,0.0265966293423561,1.0,0.005808769981407558,1.0,0.0272235651792997,1.0
388,0.5827252369812621,9.02529405966807,0.6197799531330452,9.03018155223933,0.03705471615178313,1.0,0.00488749257126031,1.0,0.037375654813305174,1.0
389,-0.049227171798356506,6.862267445064612,-0.036249062162818646,6.895437680037141,0.01297810963553786,1.0,0.03317023497252869,1.0,0.03561875654546079,1.0
390,-0.6782855989650973,9.203107111430269,-0.7180396587378333,9.23008779589382,0.03975405977273594,1.0,0.02698068446355073,1.0,0.04804521414809127,2.0
391,0.20250890130363353,11.4602207334291,0.2392639160762462,11.482987611183272,0.03675501477261267,1.0,0.0227668777541723,1.0,0.04323496077954045,1.0
392,-0.44855783178494396,8.620730741594075,-0.45841505868207255,8.614186776686594,0.00985722689712859,1.0,0.00654396490748077,1.0,0.01183166931636509,1.0
393,0.21209076045513425,10.912748401204292,0.2723033838542248,10.917518666324373,0.06021262339909056,2.0,0.004770265120081163,1.0,0.06040128679023793,2.0
394,0.1406237294174616,11.706762776794058,0.11656037225422633,11.696854190324373,0.024063357163235266,1.0,0.009908586469684622,1.0,0.02602355171364284,1.0
395,-0.020405632543252627,9.844997616789245,-0.020704056072701427,9.872589635618176,0.0002984235294487998,1.0,0.027592018828931586,1.0,0.027593632592666083,1.0
396,0.06249849222539138,6.758538587899847,0.12174483983718032,6.7760980904371415,0.05924634761178894,2.0,0.01755950253729477,1.0,0.06179373620921614,2.0
397,0.15614038537821343,13.878445917135272,0.21126522145126003,13.902784696126595,0.05512483607304661,2.0,0.024338778991323196,1.0,0.06025880611884653,2.0
398,0.10341364984570652,10.346180515895094,0.07354736956793495,10.362885092959925,0.029866280277771565,1.0,0.016704577064830417,1.0,0.034220426539499256,1.0
399,-0.016464270214019357,5.856323572485535,-0.017685363964407674,5.890511726956024,0.001221093750388317,1.0,0.034188154470489174,1.0,0.03420995434146713,1.0
400,-0.060264878542076204,6.604597278088426,-0.06168679934725807,6.642755290425484,0.0014219208051818658,1.0,0.038158012337057734,1.0,0.03818449638650822,1.0
401,-0.1710885204284101,6.005596399346687,-0.20061813468207346,6.0208132053265935,0.02952961425366335,1.0,0.01521680597990649,1.0,0.03321971255444989,1.0
402,0.03773926290653182,13.709617792408709,0.09181998705274363,13.722750412185487,0.05408072414621182,2.0,0.013132619776778043,1.0,0.05565240719304134,2.0
403,0.06704197394344523,8.961230843926213,0.09028556147601119,8.944137743137194,0.02324358753256596,1.0,0.017093100789018933,1.0,0.028852009565498476,1.0
404,-0.21082330376989877,6.416883490576162,-0.26208049763328267,6.441152846812712,0.0512571938633839,2.0,0.02426935623654991,1.0,0.05671244638423813,2.0
405,0.0515933785315935,12.083886450261545,0.009692703933045443,12.055079190639326,0.04190067459854806,1.0,0.028807259622219306,1.0,0.05084805540780647,2.0
406,-0.04515680088362814,8.217929281834286,0.0071379874527433,8.245009290585482,0.05229478833637144,2.0,0.02708000875119687,1.0,0.058890336737963976,2.0
407,-0.10565198016966762,12.765730398996867,-0.15121419108207323,12.765881601326594,0.045562210912405615,1.0,0.00015120232972698489,1.0,0.04556246180103801,1.0
408,0.24230306282636122,10.051116292551319,0.25385177575228113,10.078765887474852,0.011548712925919913,1.0,0.027649594923532916,1.0,0.029964526855613238,1.0
409,-0.09200445406977213,6.536239450879145,-0.11476913246695464,6.5246734746393305,0.022764678397182506,1.0,0.011565976239814368,1.0,0.025534337447975782,1.0
410,0.08844093880998422,9.35134932542202,0.06455483296310582,9.385008860943966,0.02388610584687839,1.0,0.033659535521945116,1.0,0.041273603962840015,1.0
411,0.029858017958304246,10.100234494814298,0.04987319367624554,10.13722627998327,0.020015175717941296,1.0,0.03699178516897206,1.0,0.042059474901708506,1.0
412,0.5174541136620887,15.929732436239693,0.5806424517080604,15.924841125982653,0.06318833804597168,2.0,0.00489131025704026,1.0,0.06337736962861917,2.0
413,-0.20716260359761335,10.04397592540149,-0.1856446630045019,10.066329642333818,0.021517940593111462,1.0,0.022353716932327572,1.0,0.031027575284886547,1.0
414,0.3444333821198948,6.341054986079799,0.3887714586542268,6.363096451124372,0.04433807653433197,1.0,0.022041465044573272,1.0,0.049514555557688536,2.0
